ğŸ˜€,grinning_face
ğŸ˜ƒ,grinning_face_with_big_eyes
ğŸ˜„,grinning_face_with_smiling_eyes
ğŸ˜,beaming_face_with_smiling_eyes
ğŸ˜†,grinning_squinting_face
ğŸ˜…,grinning_face_with_sweat
ğŸ¤£,rolling_on_the_floor_laughing
ğŸ˜‚,face_with_tears_of_joy
ğŸ™‚,slightly_smiling_face
ğŸ™ƒ,upside-down_face
ğŸ˜‰,winking_face
ğŸ˜Š,smiling_face_with_smiling_eyes
ğŸ˜‡,smiling_face_with_halo
ğŸ¥°,smiling_face_with_hearts
ğŸ˜,smiling_face_with_heart-eyes
ğŸ¤©,star-struck
ğŸ˜˜,face_blowing_a_kiss
ğŸ˜—,kissing_face
â˜º,smiling_face
ğŸ˜š,kissing_face_with_closed_eyes
ğŸ˜™,kissing_face_with_smiling_eyes
ğŸ¥²,âŠ›_smiling_face_with_tear
ğŸ˜‹,face_savoring_food
ğŸ˜›,face_with_tongue
ğŸ˜œ,winking_face_with_tongue
ğŸ¤ª,zany_face
ğŸ˜,squinting_face_with_tongue
ğŸ¤‘,money-mouth_face
ğŸ¤—,hugging_face
ğŸ¤­,face_with_hand_over_mouth
ğŸ¤«,shushing_face
ğŸ¤”,thinking_face
ğŸ¤,zipper-mouth_face
ğŸ¤¨,face_with_raised_eyebrow
ğŸ˜,neutral_face
ğŸ˜‘,expressionless_face
ğŸ˜¶,face_without_mouth
ğŸ˜,smirking_face
ğŸ˜’,unamused_face
ğŸ™„,face_with_rolling_eyes
ğŸ˜¬,grimacing_face
ğŸ¤¥,lying_face
ğŸ˜Œ,relieved_face
ğŸ˜”,pensive_face
ğŸ˜ª,sleepy_face
ğŸ¤¤,drooling_face
ğŸ˜´,sleeping_face
ğŸ˜·,face_with_medical_mask
ğŸ¤’,face_with_thermometer
ğŸ¤•,face_with_head-bandage
ğŸ¤¢,nauseated_face
ğŸ¤®,face_vomiting
ğŸ¤§,sneezing_face
ğŸ¥µ,hot_face
ğŸ¥¶,cold_face
ğŸ¥´,woozy_face
ğŸ˜µ,dizzy_face
ğŸ¤¯,exploding_head
ğŸ¤ ,cowboy_hat_face
ğŸ¥³,partying_face
ğŸ¥¸,âŠ›_disguised_face
ğŸ˜,smiling_face_with_sunglasses
ğŸ¤“,nerd_face
ğŸ§,face_with_monocle
ğŸ˜•,confused_face
ğŸ˜Ÿ,worried_face
ğŸ™,slightly_frowning_face
â˜¹,frowning_face
ğŸ˜®,face_with_open_mouth
ğŸ˜¯,hushed_face
ğŸ˜²,astonished_face
ğŸ˜³,flushed_face
ğŸ¥º,pleading_face
ğŸ˜¦,frowning_face_with_open_mouth
ğŸ˜§,anguished_face
ğŸ˜¨,fearful_face
ğŸ˜°,anxious_face_with_sweat
ğŸ˜¥,sad_but_relieved_face
ğŸ˜¢,crying_face
ğŸ˜­,loudly_crying_face
ğŸ˜±,face_screaming_in_fear
ğŸ˜–,confounded_face
ğŸ˜£,persevering_face
ğŸ˜,disappointed_face
ğŸ˜“,downcast_face_with_sweat
ğŸ˜©,weary_face
ğŸ˜«,tired_face
ğŸ¥±,yawning_face
ğŸ˜¤,face_with_steam_from_nose
ğŸ˜¡,pouting_face
ğŸ˜ ,angry_face
ğŸ¤¬,face_with_symbols_on_mouth
ğŸ˜ˆ,smiling_face_with_horns
ğŸ‘¿,angry_face_with_horns
ğŸ’€,skull
â˜ ,skull_and_crossbones
ğŸ’©,pile_of_poo
ğŸ¤¡,clown_face
ğŸ‘¹,ogre
ğŸ‘º,goblin
ğŸ‘»,ghost
ğŸ‘½,alien
ğŸ‘¾,alien_monster
ğŸ¤–,robot
ğŸ˜º,grinning_cat
ğŸ˜¸,grinning_cat_with_smiling_eyes
ğŸ˜¹,cat_with_tears_of_joy
ğŸ˜»,smiling_cat_with_heart-eyes
ğŸ˜¼,cat_with_wry_smile
ğŸ˜½,kissing_cat
ğŸ™€,weary_cat
ğŸ˜¿,crying_cat
ğŸ˜¾,pouting_cat
ğŸ™ˆ,see-no-evil_monkey
ğŸ™‰,hear-no-evil_monkey
ğŸ™Š,speak-no-evil_monkey
ğŸ’‹,kiss_mark
ğŸ’Œ,love_letter
ğŸ’˜,heart_with_arrow
ğŸ’,heart_with_ribbon
ğŸ’–,sparkling_heart
ğŸ’—,growing_heart
ğŸ’“,beating_heart
ğŸ’,revolving_hearts
ğŸ’•,two_hearts
ğŸ’Ÿ,heart_decoration
â£,heart_exclamation
ğŸ’”,broken_heart
â¤,red_heart
ğŸ§¡,orange_heart
ğŸ’›,yellow_heart
ğŸ’š,green_heart
ğŸ’™,blue_heart
ğŸ’œ,purple_heart
ğŸ¤,brown_heart
ğŸ–¤,black_heart
ğŸ¤,white_heart
ğŸ’¯,hundred_points
ğŸ’¢,anger_symbol
ğŸ’¥,collision
ğŸ’«,dizzy
ğŸ’¦,sweat_droplets
ğŸ’¨,dashing_away
ğŸ•³,hole
ğŸ’£,bomb
ğŸ’¬,speech_balloon
ğŸ‘ï¸â€ğŸ—¨ï¸,eye_in_speech_bubble
ğŸ—¨,left_speech_bubble
ğŸ—¯,right_anger_bubble
ğŸ’­,thought_balloon
ğŸ’¤,zzz
ğŸ‘‹,waving_hand
ğŸ¤š,raised_back_of_hand
ğŸ–,hand_with_fingers_splayed
âœ‹,raised_hand
ğŸ––,vulcan_salute
ğŸ‘Œ,OK_hand
ğŸ¤Œ,âŠ›_pinched_fingers
ğŸ¤,pinching_hand
âœŒ,victory_hand
ğŸ¤,crossed_fingers
ğŸ¤Ÿ,love-you_gesture
ğŸ¤˜,sign_of_the_horns
ğŸ¤™,call_me_hand
ğŸ‘ˆ,backhand_index_pointing_left
ğŸ‘‰,backhand_index_pointing_right
ğŸ‘†,backhand_index_pointing_up
ğŸ–•,middle_finger
ğŸ‘‡,backhand_index_pointing_down
â˜,index_pointing_up
ğŸ‘,thumbs_up
ğŸ‘,thumbs_down
âœŠ,raised_fist
ğŸ‘Š,oncoming_fist
ğŸ¤›,left-facing_fist
ğŸ¤œ,right-facing_fist
ğŸ‘,clapping_hands
ğŸ™Œ,raising_hands
ğŸ‘,open_hands
ğŸ¤²,palms_up_together
ğŸ¤,handshake
ğŸ™,folded_hands
âœ,writing_hand
ğŸ’…,nail_polish
ğŸ¤³,selfie
ğŸ’ª,flexed_biceps
ğŸ¦¾,mechanical_arm
ğŸ¦¿,mechanical_leg
ğŸ¦µ,leg
ğŸ¦¶,foot
ğŸ‘‚,ear
ğŸ¦»,ear_with_hearing_aid
ğŸ‘ƒ,nose
ğŸ§ ,brain
ğŸ«€,âŠ›_anatomical_heart
ğŸ«,âŠ›_lungs
ğŸ¦·,tooth
ğŸ¦´,bone
ğŸ‘€,eyes
ğŸ‘,eye
ğŸ‘…,tongue
ğŸ‘„,mouth
ğŸ‘¶,baby
ğŸ§’,child
ğŸ‘¦,boy
ğŸ‘§,girl
ğŸ§‘,person
ğŸ‘±,person:_blond_hair
ğŸ‘¨,man
ğŸ§”,man:_beard
ğŸ‘¨â€ğŸ¦°,man:_red_hair
ğŸ‘¨â€ğŸ¦±,man:_curly_hair
ğŸ‘¨â€ğŸ¦³,man:_white_hair
ğŸ‘¨â€ğŸ¦²,man:_bald
ğŸ‘©,woman
ğŸ‘©â€ğŸ¦°,woman:_red_hair
ğŸ§‘â€ğŸ¦°,person:_red_hair
ğŸ‘©â€ğŸ¦±,woman:_curly_hair
ğŸ§‘â€ğŸ¦±,person:_curly_hair
ğŸ‘©â€ğŸ¦³,woman:_white_hair
ğŸ§‘â€ğŸ¦³,person:_white_hair
ğŸ‘©â€ğŸ¦²,woman:_bald
ğŸ§‘â€ğŸ¦²,person:_bald
ğŸ‘±â€â™€ï¸,woman:_blond_hair
ğŸ‘±â€â™‚ï¸,man:_blond_hair
ğŸ§“,older_person
ğŸ‘´,old_man
ğŸ‘µ,old_woman
ğŸ™,person_frowning
ğŸ™â€â™‚ï¸,man_frowning
ğŸ™â€â™€ï¸,woman_frowning
ğŸ™,person_pouting
ğŸ™â€â™‚ï¸,man_pouting
ğŸ™â€â™€ï¸,woman_pouting
ğŸ™…,person_gesturing_NO
ğŸ™…â€â™‚ï¸,man_gesturing_NO
ğŸ™…â€â™€ï¸,woman_gesturing_NO
ğŸ™†,person_gesturing_OK
ğŸ™†â€â™‚ï¸,man_gesturing_OK
ğŸ™†â€â™€ï¸,woman_gesturing_OK
ğŸ’,person_tipping_hand
ğŸ’â€â™‚ï¸,man_tipping_hand
ğŸ’â€â™€ï¸,woman_tipping_hand
ğŸ™‹,person_raising_hand
ğŸ™‹â€â™‚ï¸,man_raising_hand
ğŸ™‹â€â™€ï¸,woman_raising_hand
ğŸ§,deaf_person
ğŸ§â€â™‚ï¸,deaf_man
ğŸ§â€â™€ï¸,deaf_woman
ğŸ™‡,person_bowing
ğŸ™‡â€â™‚ï¸,man_bowing
ğŸ™‡â€â™€ï¸,woman_bowing
ğŸ¤¦,person_facepalming
ğŸ¤¦â€â™‚ï¸,man_facepalming
ğŸ¤¦â€â™€ï¸,woman_facepalming
ğŸ¤·,person_shrugging
ğŸ¤·â€â™‚ï¸,man_shrugging
ğŸ¤·â€â™€ï¸,woman_shrugging
ğŸ§‘â€âš•ï¸,health_worker
ğŸ‘¨â€âš•ï¸,man_health_worker
ğŸ‘©â€âš•ï¸,woman_health_worker
ğŸ§‘â€ğŸ“,student
ğŸ‘¨â€ğŸ“,man_student
ğŸ‘©â€ğŸ“,woman_student
ğŸ§‘â€ğŸ«,teacher
ğŸ‘¨â€ğŸ«,man_teacher
ğŸ‘©â€ğŸ«,woman_teacher
ğŸ§‘â€âš–ï¸,judge
ğŸ‘¨â€âš–ï¸,man_judge
ğŸ‘©â€âš–ï¸,woman_judge
ğŸ§‘â€ğŸŒ¾,farmer
ğŸ‘¨â€ğŸŒ¾,man_farmer
ğŸ‘©â€ğŸŒ¾,woman_farmer
ğŸ§‘â€ğŸ³,cook
ğŸ‘¨â€ğŸ³,man_cook
ğŸ‘©â€ğŸ³,woman_cook
ğŸ§‘â€ğŸ”§,mechanic
ğŸ‘¨â€ğŸ”§,man_mechanic
ğŸ‘©â€ğŸ”§,woman_mechanic
ğŸ§‘â€ğŸ­,factory_worker
ğŸ‘¨â€ğŸ­,man_factory_worker
ğŸ‘©â€ğŸ­,woman_factory_worker
ğŸ§‘â€ğŸ’¼,office_worker
ğŸ‘¨â€ğŸ’¼,man_office_worker
ğŸ‘©â€ğŸ’¼,woman_office_worker
ğŸ§‘â€ğŸ”¬,scientist
ğŸ‘¨â€ğŸ”¬,man_scientist
ğŸ‘©â€ğŸ”¬,woman_scientist
ğŸ§‘â€ğŸ’»,technologist
ğŸ‘¨â€ğŸ’»,man_technologist
ğŸ‘©â€ğŸ’»,woman_technologist
ğŸ§‘â€ğŸ¤,singer
ğŸ‘¨â€ğŸ¤,man_singer
ğŸ‘©â€ğŸ¤,woman_singer
ğŸ§‘â€ğŸ¨,artist
ğŸ‘¨â€ğŸ¨,man_artist
ğŸ‘©â€ğŸ¨,woman_artist
ğŸ§‘â€âœˆï¸,pilot
ğŸ‘¨â€âœˆï¸,man_pilot
ğŸ‘©â€âœˆï¸,woman_pilot
ğŸ§‘â€ğŸš€,astronaut
ğŸ‘¨â€ğŸš€,man_astronaut
ğŸ‘©â€ğŸš€,woman_astronaut
ğŸ§‘â€ğŸš’,firefighter
ğŸ‘¨â€ğŸš’,man_firefighter
ğŸ‘©â€ğŸš’,woman_firefighter
ğŸ‘®,police_officer
ğŸ‘®â€â™‚ï¸,man_police_officer
ğŸ‘®â€â™€ï¸,woman_police_officer
ğŸ•µ,detective
ğŸ•µï¸â€â™‚ï¸,man_detective
ğŸ•µï¸â€â™€ï¸,woman_detective
ğŸ’‚,guard
ğŸ’‚â€â™‚ï¸,man_guard
ğŸ’‚â€â™€ï¸,woman_guard
ğŸ¥·,âŠ›_ninja
ğŸ‘·,construction_worker
ğŸ‘·â€â™‚ï¸,man_construction_worker
ğŸ‘·â€â™€ï¸,woman_construction_worker
ğŸ¤´,prince
ğŸ‘¸,princess
ğŸ‘³,person_wearing_turban
ğŸ‘³â€â™‚ï¸,man_wearing_turban
ğŸ‘³â€â™€ï¸,woman_wearing_turban
ğŸ‘²,person_with_skullcap
ğŸ§•,woman_with_headscarf
ğŸ¤µ,person_in_tuxedo
ğŸ¤µâ€â™‚ï¸,âŠ›_man_in_tuxedo
ğŸ¤µâ€â™€ï¸,âŠ›_woman_in_tuxedo
ğŸ‘°,person_with_veil
ğŸ‘°â€â™‚ï¸,âŠ›_man_with_veil
ğŸ‘°â€â™€ï¸,âŠ›_woman_with_veil
ğŸ¤°,pregnant_woman
ğŸ¤±,breast-feeding
ğŸ‘©â€ğŸ¼,âŠ›_woman_feeding_baby
ğŸ‘¨â€ğŸ¼,âŠ›_man_feeding_baby
ğŸ§‘â€ğŸ¼,âŠ›_person_feeding_baby
ğŸ‘¼,baby_angel
ğŸ…,Santa_Claus
ğŸ¤¶,Mrs._Claus
ğŸ§‘â€ğŸ„,âŠ›_mx_claus
ğŸ¦¸,superhero
ğŸ¦¸â€â™‚ï¸,man_superhero
ğŸ¦¸â€â™€ï¸,woman_superhero
ğŸ¦¹,supervillain
ğŸ¦¹â€â™‚ï¸,man_supervillain
ğŸ¦¹â€â™€ï¸,woman_supervillain
ğŸ§™,mage
ğŸ§™â€â™‚ï¸,man_mage
ğŸ§™â€â™€ï¸,woman_mage
ğŸ§š,fairy
ğŸ§šâ€â™‚ï¸,man_fairy
ğŸ§šâ€â™€ï¸,woman_fairy
ğŸ§›,vampire
ğŸ§›â€â™‚ï¸,man_vampire
ğŸ§›â€â™€ï¸,woman_vampire
ğŸ§œ,merperson
ğŸ§œâ€â™‚ï¸,merman
ğŸ§œâ€â™€ï¸,mermaid
ğŸ§,elf
ğŸ§â€â™‚ï¸,man_elf
ğŸ§â€â™€ï¸,woman_elf
ğŸ§,genie
ğŸ§â€â™‚ï¸,man_genie
ğŸ§â€â™€ï¸,woman_genie
ğŸ§Ÿ,zombie
ğŸ§Ÿâ€â™‚ï¸,man_zombie
ğŸ§Ÿâ€â™€ï¸,woman_zombie
ğŸ’†,person_getting_massage
ğŸ’†â€â™‚ï¸,man_getting_massage
ğŸ’†â€â™€ï¸,woman_getting_massage
ğŸ’‡,person_getting_haircut
ğŸ’‡â€â™‚ï¸,man_getting_haircut
ğŸ’‡â€â™€ï¸,woman_getting_haircut
ğŸš¶,person_walking
ğŸš¶â€â™‚ï¸,man_walking
ğŸš¶â€â™€ï¸,woman_walking
ğŸ§,person_standing
ğŸ§â€â™‚ï¸,man_standing
ğŸ§â€â™€ï¸,woman_standing
ğŸ§,person_kneeling
ğŸ§â€â™‚ï¸,man_kneeling
ğŸ§â€â™€ï¸,woman_kneeling
ğŸ§‘â€ğŸ¦¯,person_with_white_cane
ğŸ‘¨â€ğŸ¦¯,man_with_white_cane
ğŸ‘©â€ğŸ¦¯,woman_with_white_cane
ğŸ§‘â€ğŸ¦¼,person_in_motorized_wheelchair
ğŸ‘¨â€ğŸ¦¼,man_in_motorized_wheelchair
ğŸ‘©â€ğŸ¦¼,woman_in_motorized_wheelchair
ğŸ§‘â€ğŸ¦½,person_in_manual_wheelchair
ğŸ‘¨â€ğŸ¦½,man_in_manual_wheelchair
ğŸ‘©â€ğŸ¦½,woman_in_manual_wheelchair
ğŸƒ,person_running
ğŸƒâ€â™‚ï¸,man_running
ğŸƒâ€â™€ï¸,woman_running
ğŸ’ƒ,woman_dancing
ğŸ•º,man_dancing
ğŸ•´,person_in_suit_levitating
ğŸ‘¯,people_with_bunny_ears
ğŸ‘¯â€â™‚ï¸,men_with_bunny_ears
ğŸ‘¯â€â™€ï¸,women_with_bunny_ears
ğŸ§–,person_in_steamy_room
ğŸ§–â€â™‚ï¸,man_in_steamy_room
ğŸ§–â€â™€ï¸,woman_in_steamy_room
ğŸ§—,person_climbing
ğŸ§—â€â™‚ï¸,man_climbing
ğŸ§—â€â™€ï¸,woman_climbing
ğŸ¤º,person_fencing
ğŸ‡,horse_racing
â›·,skier
ğŸ‚,snowboarder
ğŸŒ,person_golfing
ğŸŒï¸â€â™‚ï¸,man_golfing
ğŸŒï¸â€â™€ï¸,woman_golfing
ğŸ„,person_surfing
ğŸ„â€â™‚ï¸,man_surfing
ğŸ„â€â™€ï¸,woman_surfing
ğŸš£,person_rowing_boat
ğŸš£â€â™‚ï¸,man_rowing_boat
ğŸš£â€â™€ï¸,woman_rowing_boat
ğŸŠ,person_swimming
ğŸŠâ€â™‚ï¸,man_swimming
ğŸŠâ€â™€ï¸,woman_swimming
â›¹,person_bouncing_ball
â›¹ï¸â€â™‚ï¸,man_bouncing_ball
â›¹ï¸â€â™€ï¸,woman_bouncing_ball
ğŸ‹,person_lifting_weights
ğŸ‹ï¸â€â™‚ï¸,man_lifting_weights
ğŸ‹ï¸â€â™€ï¸,woman_lifting_weights
ğŸš´,person_biking
ğŸš´â€â™‚ï¸,man_biking
ğŸš´â€â™€ï¸,woman_biking
ğŸšµ,person_mountain_biking
ğŸšµâ€â™‚ï¸,man_mountain_biking
ğŸšµâ€â™€ï¸,woman_mountain_biking
ğŸ¤¸,person_cartwheeling
ğŸ¤¸â€â™‚ï¸,man_cartwheeling
ğŸ¤¸â€â™€ï¸,woman_cartwheeling
ğŸ¤¼,people_wrestling
ğŸ¤¼â€â™‚ï¸,men_wrestling
ğŸ¤¼â€â™€ï¸,women_wrestling
ğŸ¤½,person_playing_water_polo
ğŸ¤½â€â™‚ï¸,man_playing_water_polo
ğŸ¤½â€â™€ï¸,woman_playing_water_polo
ğŸ¤¾,person_playing_handball
ğŸ¤¾â€â™‚ï¸,man_playing_handball
ğŸ¤¾â€â™€ï¸,woman_playing_handball
ğŸ¤¹,person_juggling
ğŸ¤¹â€â™‚ï¸,man_juggling
ğŸ¤¹â€â™€ï¸,woman_juggling
ğŸ§˜,person_in_lotus_position
ğŸ§˜â€â™‚ï¸,man_in_lotus_position
ğŸ§˜â€â™€ï¸,woman_in_lotus_position
ğŸ›€,person_taking_bath
ğŸ›Œ,person_in_bed
ğŸ§‘â€ğŸ¤â€ğŸ§‘,people_holding_hands
ğŸ‘­,women_holding_hands
ğŸ‘«,woman_and_man_holding_hands
ğŸ‘¬,men_holding_hands
ğŸ’,kiss
ğŸ‘©â€â¤ï¸â€ğŸ’‹â€ğŸ‘¨,kiss:_woman,_man
ğŸ‘¨â€â¤ï¸â€ğŸ’‹â€ğŸ‘¨,kiss:_man,_man
ğŸ‘©â€â¤ï¸â€ğŸ’‹â€ğŸ‘©,kiss:_woman,_woman
ğŸ’‘,couple_with_heart
ğŸ‘©â€â¤ï¸â€ğŸ‘¨,couple_with_heart:_woman,_man
ğŸ‘¨â€â¤ï¸â€ğŸ‘¨,couple_with_heart:_man,_man
ğŸ‘©â€â¤ï¸â€ğŸ‘©,couple_with_heart:_woman,_woman
ğŸ‘ª,family
ğŸ‘¨â€ğŸ‘©â€ğŸ‘¦,family:_man,_woman,_boy
ğŸ‘¨â€ğŸ‘©â€ğŸ‘§,family:_man,_woman,_girl
ğŸ‘¨â€ğŸ‘©â€ğŸ‘§â€ğŸ‘¦,family:_man,_woman,_girl,_boy
ğŸ‘¨â€ğŸ‘©â€ğŸ‘¦â€ğŸ‘¦,family:_man,_woman,_boy,_boy
ğŸ‘¨â€ğŸ‘©â€ğŸ‘§â€ğŸ‘§,family:_man,_woman,_girl,_girl
ğŸ‘¨â€ğŸ‘¨â€ğŸ‘¦,family:_man,_man,_boy
ğŸ‘¨â€ğŸ‘¨â€ğŸ‘§,family:_man,_man,_girl
ğŸ‘¨â€ğŸ‘¨â€ğŸ‘§â€ğŸ‘¦,family:_man,_man,_girl,_boy
ğŸ‘¨â€ğŸ‘¨â€ğŸ‘¦â€ğŸ‘¦,family:_man,_man,_boy,_boy
ğŸ‘¨â€ğŸ‘¨â€ğŸ‘§â€ğŸ‘§,family:_man,_man,_girl,_girl
ğŸ‘©â€ğŸ‘©â€ğŸ‘¦,family:_woman,_woman,_boy
ğŸ‘©â€ğŸ‘©â€ğŸ‘§,family:_woman,_woman,_girl
ğŸ‘©â€ğŸ‘©â€ğŸ‘§â€ğŸ‘¦,family:_woman,_woman,_girl,_boy
ğŸ‘©â€ğŸ‘©â€ğŸ‘¦â€ğŸ‘¦,family:_woman,_woman,_boy,_boy
ğŸ‘©â€ğŸ‘©â€ğŸ‘§â€ğŸ‘§,family:_woman,_woman,_girl,_girl
ğŸ‘¨â€ğŸ‘¦,family:_man,_boy
ğŸ‘¨â€ğŸ‘¦â€ğŸ‘¦,family:_man,_boy,_boy
ğŸ‘¨â€ğŸ‘§,family:_man,_girl
ğŸ‘¨â€ğŸ‘§â€ğŸ‘¦,family:_man,_girl,_boy
ğŸ‘¨â€ğŸ‘§â€ğŸ‘§,family:_man,_girl,_girl
ğŸ‘©â€ğŸ‘¦,family:_woman,_boy
ğŸ‘©â€ğŸ‘¦â€ğŸ‘¦,family:_woman,_boy,_boy
ğŸ‘©â€ğŸ‘§,family:_woman,_girl
ğŸ‘©â€ğŸ‘§â€ğŸ‘¦,family:_woman,_girl,_boy
ğŸ‘©â€ğŸ‘§â€ğŸ‘§,family:_woman,_girl,_girl
ğŸ—£,speaking_head
ğŸ‘¤,bust_in_silhouette
ğŸ‘¥,busts_in_silhouette
ğŸ«‚,âŠ›_people_hugging
ğŸ‘£,footprints
ğŸ¦°,red_hair
ğŸ¦±,curly_hair
ğŸ¦³,white_hair
ğŸ¦²,bald
ğŸµ,monkey_face
ğŸ’,monkey
ğŸ¦,gorilla
ğŸ¦§,orangutan
ğŸ¶,dog_face
ğŸ•,dog
ğŸ¦®,guide_dog
ğŸ•â€ğŸ¦º,service_dog
ğŸ©,poodle
ğŸº,wolf
ğŸ¦Š,fox
ğŸ¦,raccoon
ğŸ±,cat_face
ğŸˆ,cat
ğŸˆâ€â¬›,âŠ›_black_cat
ğŸ¦,lion
ğŸ¯,tiger_face
ğŸ…,tiger
ğŸ†,leopard
ğŸ´,horse_face
ğŸ,horse
ğŸ¦„,unicorn
ğŸ¦“,zebra
ğŸ¦Œ,deer
ğŸ¦¬,âŠ›_bison
ğŸ®,cow_face
ğŸ‚,ox
ğŸƒ,water_buffalo
ğŸ„,cow
ğŸ·,pig_face
ğŸ–,pig
ğŸ—,boar
ğŸ½,pig_nose
ğŸ,ram
ğŸ‘,ewe
ğŸ,goat
ğŸª,camel
ğŸ«,two-hump_camel
ğŸ¦™,llama
ğŸ¦’,giraffe
ğŸ˜,elephant
ğŸ¦£,âŠ›_mammoth
ğŸ¦,rhinoceros
ğŸ¦›,hippopotamus
ğŸ­,mouse_face
ğŸ,mouse
ğŸ€,rat
ğŸ¹,hamster
ğŸ°,rabbit_face
ğŸ‡,rabbit
ğŸ¿,chipmunk
ğŸ¦«,âŠ›_beaver
ğŸ¦”,hedgehog
ğŸ¦‡,bat
ğŸ»,bear
ğŸ»â€â„ï¸,âŠ›_polar_bear
ğŸ¨,koala
ğŸ¼,panda
ğŸ¦¥,sloth
ğŸ¦¦,otter
ğŸ¦¨,skunk
ğŸ¦˜,kangaroo
ğŸ¦¡,badger
ğŸ¾,paw_prints
ğŸ¦ƒ,turkey
ğŸ”,chicken
ğŸ“,rooster
ğŸ£,hatching_chick
ğŸ¤,baby_chick
ğŸ¥,front-facing_baby_chick
ğŸ¦,bird
ğŸ§,penguin
ğŸ•Š,dove
ğŸ¦…,eagle
ğŸ¦†,duck
ğŸ¦¢,swan
ğŸ¦‰,owl
ğŸ¦¤,âŠ›_dodo
ğŸª¶,âŠ›_feather
ğŸ¦©,flamingo
ğŸ¦š,peacock
ğŸ¦œ,parrot
ğŸ¸,frog
ğŸŠ,crocodile
ğŸ¢,turtle
ğŸ¦,lizard
ğŸ,snake
ğŸ²,dragon_face
ğŸ‰,dragon
ğŸ¦•,sauropod
ğŸ¦–,T-Rex
ğŸ³,spouting_whale
ğŸ‹,whale
ğŸ¬,dolphin
ğŸ¦­,âŠ›_seal
ğŸŸ,fish
ğŸ ,tropical_fish
ğŸ¡,blowfish
ğŸ¦ˆ,shark
ğŸ™,octopus
ğŸš,spiral_shell
ğŸŒ,snail
ğŸ¦‹,butterfly
ğŸ›,bug
ğŸœ,ant
ğŸ,honeybee
ğŸª²,âŠ›_beetle
ğŸ,lady_beetle
ğŸ¦—,cricket
ğŸª³,âŠ›_cockroach
ğŸ•·,spider
ğŸ•¸,spider_web
ğŸ¦‚,scorpion
ğŸ¦Ÿ,mosquito
ğŸª°,âŠ›_fly
ğŸª±,âŠ›_worm
ğŸ¦ ,microbe
ğŸ’,bouquet
ğŸŒ¸,cherry_blossom
ğŸ’®,white_flower
ğŸµ,rosette
ğŸŒ¹,rose
ğŸ¥€,wilted_flower
ğŸŒº,hibiscus
ğŸŒ»,sunflower
ğŸŒ¼,blossom
ğŸŒ·,tulip
ğŸŒ±,seedling
ğŸª´,âŠ›_potted_plant
ğŸŒ²,evergreen_tree
ğŸŒ³,deciduous_tree
ğŸŒ´,palm_tree
ğŸŒµ,cactus
ğŸŒ¾,sheaf_of_rice
ğŸŒ¿,herb
â˜˜,shamrock
ğŸ€,four_leaf_clover
ğŸ,maple_leaf
ğŸ‚,fallen_leaf
ğŸƒ,leaf_fluttering_in_wind
ğŸ‡,grapes
ğŸˆ,melon
ğŸ‰,watermelon
ğŸŠ,tangerine
ğŸ‹,lemon
ğŸŒ,banana
ğŸ,pineapple
ğŸ¥­,mango
ğŸ,red_apple
ğŸ,green_apple
ğŸ,pear
ğŸ‘,peach
ğŸ’,cherries
ğŸ“,strawberry
ğŸ«,âŠ›_blueberries
ğŸ¥,kiwi_fruit
ğŸ…,tomato
ğŸ«’,âŠ›_olive
ğŸ¥¥,coconut
ğŸ¥‘,avocado
ğŸ†,eggplant
ğŸ¥”,potato
ğŸ¥•,carrot
ğŸŒ½,ear_of_corn
ğŸŒ¶,hot_pepper
ğŸ«‘,âŠ›_bell_pepper
ğŸ¥’,cucumber
ğŸ¥¬,leafy_green
ğŸ¥¦,broccoli
ğŸ§„,garlic
ğŸ§…,onion
ğŸ„,mushroom
ğŸ¥œ,peanuts
ğŸŒ°,chestnut
ğŸ,bread
ğŸ¥,croissant
ğŸ¥–,baguette_bread
ğŸ«“,âŠ›_flatbread
ğŸ¥¨,pretzel
ğŸ¥¯,bagel
ğŸ¥,pancakes
ğŸ§‡,waffle
ğŸ§€,cheese_wedge
ğŸ–,meat_on_bone
ğŸ—,poultry_leg
ğŸ¥©,cut_of_meat
ğŸ¥“,bacon
ğŸ”,hamburger
ğŸŸ,french_fries
ğŸ•,pizza
ğŸŒ­,hot_dog
ğŸ¥ª,sandwich
ğŸŒ®,taco
ğŸŒ¯,burrito
ğŸ«”,âŠ›_tamale
ğŸ¥™,stuffed_flatbread
ğŸ§†,falafel
ğŸ¥š,egg
ğŸ³,cooking
ğŸ¥˜,shallow_pan_of_food
ğŸ²,pot_of_food
ğŸ«•,âŠ›_fondue
ğŸ¥£,bowl_with_spoon
ğŸ¥—,green_salad
ğŸ¿,popcorn
ğŸ§ˆ,butter
ğŸ§‚,salt
ğŸ¥«,canned_food
ğŸ±,bento_box
ğŸ˜,rice_cracker
ğŸ™,rice_ball
ğŸš,cooked_rice
ğŸ›,curry_rice
ğŸœ,steaming_bowl
ğŸ,spaghetti
ğŸ ,roasted_sweet_potato
ğŸ¢,oden
ğŸ£,sushi
ğŸ¤,fried_shrimp
ğŸ¥,fish_cake_with_swirl
ğŸ¥®,moon_cake
ğŸ¡,dango
ğŸ¥Ÿ,dumpling
ğŸ¥ ,fortune_cookie
ğŸ¥¡,takeout_box
ğŸ¦€,crab
ğŸ¦,lobster
ğŸ¦,shrimp
ğŸ¦‘,squid
ğŸ¦ª,oyster
ğŸ¦,soft_ice_cream
ğŸ§,shaved_ice
ğŸ¨,ice_cream
ğŸ©,doughnut
ğŸª,cookie
ğŸ‚,birthday_cake
ğŸ°,shortcake
ğŸ§,cupcake
ğŸ¥§,pie
ğŸ«,chocolate_bar
ğŸ¬,candy
ğŸ­,lollipop
ğŸ®,custard
ğŸ¯,honey_pot
ğŸ¼,baby_bottle
ğŸ¥›,glass_of_milk
â˜•,hot_beverage
ğŸ«–,âŠ›_teapot
ğŸµ,teacup_without_handle
ğŸ¶,sake
ğŸ¾,bottle_with_popping_cork
ğŸ·,wine_glass
ğŸ¸,cocktail_glass
ğŸ¹,tropical_drink
ğŸº,beer_mug
ğŸ»,clinking_beer_mugs
ğŸ¥‚,clinking_glasses
ğŸ¥ƒ,tumbler_glass
ğŸ¥¤,cup_with_straw
ğŸ§‹,âŠ›_bubble_tea
ğŸ§ƒ,beverage_box
ğŸ§‰,mate
ğŸ§Š,ice
ğŸ¥¢,chopsticks
ğŸ½,fork_and_knife_with_plate
ğŸ´,fork_and_knife
ğŸ¥„,spoon
ğŸ”ª,kitchen_knife
ğŸº,amphora
ğŸŒ,globe_showing_Europe-Africa
ğŸŒ,globe_showing_Americas
ğŸŒ,globe_showing_Asia-Australia
ğŸŒ,globe_with_meridians
ğŸ—º,world_map
ğŸ—¾,map_of_Japan
ğŸ§­,compass
ğŸ”,snow-capped_mountain
â›°,mountain
ğŸŒ‹,volcano
ğŸ—»,mount_fuji
ğŸ•,camping
ğŸ–,beach_with_umbrella
ğŸœ,desert
ğŸ,desert_island
ğŸ,national_park
ğŸŸ,stadium
ğŸ›,classical_building
ğŸ—,building_construction
ğŸ§±,brick
ğŸª¨,âŠ›_rock
ğŸªµ,âŠ›_wood
ğŸ›–,âŠ›_hut
ğŸ˜,houses
ğŸš,derelict_house
ğŸ ,house
ğŸ¡,house_with_garden
ğŸ¢,office_building
ğŸ£,Japanese_post_office
ğŸ¤,post_office
ğŸ¥,hospital
ğŸ¦,bank
ğŸ¨,hotel
ğŸ©,love_hotel
ğŸª,convenience_store
ğŸ«,school
ğŸ¬,department_store
ğŸ­,factory
ğŸ¯,Japanese_castle
ğŸ°,castle
ğŸ’’,wedding
ğŸ—¼,Tokyo_tower
ğŸ—½,Statue_of_Liberty
â›ª,church
ğŸ•Œ,mosque
ğŸ›•,hindu_temple
ğŸ•,synagogue
â›©,shinto_shrine
ğŸ•‹,kaaba
â›²,fountain
â›º,tent
ğŸŒ,foggy
ğŸŒƒ,night_with_stars
ğŸ™,cityscape
ğŸŒ„,sunrise_over_mountains
ğŸŒ…,sunrise
ğŸŒ†,cityscape_at_dusk
ğŸŒ‡,sunset
ğŸŒ‰,bridge_at_night
â™¨,hot_springs
ğŸ ,carousel_horse
ğŸ¡,ferris_wheel
ğŸ¢,roller_coaster
ğŸ’ˆ,barber_pole
ğŸª,circus_tent
ğŸš‚,locomotive
ğŸšƒ,railway_car
ğŸš„,high-speed_train
ğŸš…,bullet_train
ğŸš†,train
ğŸš‡,metro
ğŸšˆ,light_rail
ğŸš‰,station
ğŸšŠ,tram
ğŸš,monorail
ğŸš,mountain_railway
ğŸš‹,tram_car
ğŸšŒ,bus
ğŸš,oncoming_bus
ğŸš,trolleybus
ğŸš,minibus
ğŸš‘,ambulance
ğŸš’,fire_engine
ğŸš“,police_car
ğŸš”,oncoming_police_car
ğŸš•,taxi
ğŸš–,oncoming_taxi
ğŸš—,automobile
ğŸš˜,oncoming_automobile
ğŸš™,sport_utility_vehicle
ğŸ›»,âŠ›_pickup_truck
ğŸšš,delivery_truck
ğŸš›,articulated_lorry
ğŸšœ,tractor
ğŸ,racing_car
ğŸ,motorcycle
ğŸ›µ,motor_scooter
ğŸ¦½,manual_wheelchair
ğŸ¦¼,motorized_wheelchair
ğŸ›º,auto_rickshaw
ğŸš²,bicycle
ğŸ›´,kick_scooter
ğŸ›¹,skateboard
ğŸ›¼,âŠ›_roller_skate
ğŸš,bus_stop
ğŸ›£,motorway
ğŸ›¤,railway_track
ğŸ›¢,oil_drum
â›½,fuel_pump
ğŸš¨,police_car_light
ğŸš¥,horizontal_traffic_light
ğŸš¦,vertical_traffic_light
ğŸ›‘,stop_sign
ğŸš§,construction
âš“,anchor
â›µ,sailboat
ğŸ›¶,canoe
ğŸš¤,speedboat
ğŸ›³,passenger_ship
â›´,ferry
ğŸ›¥,motor_boat
ğŸš¢,ship
âœˆ,airplane
ğŸ›©,small_airplane
ğŸ›«,airplane_departure
ğŸ›¬,airplane_arrival
ğŸª‚,parachute
ğŸ’º,seat
ğŸš,helicopter
ğŸšŸ,suspension_railway
ğŸš ,mountain_cableway
ğŸš¡,aerial_tramway
ğŸ›°,satellite
ğŸš€,rocket
ğŸ›¸,flying_saucer
ğŸ›,bellhop_bell
ğŸ§³,luggage
âŒ›,hourglass_done
â³,hourglass_not_done
âŒš,watch
â°,alarm_clock
â±,stopwatch
â²,timer_clock
ğŸ•°,mantelpiece_clock
ğŸ•›,twelve_oâ€™clock
ğŸ•§,twelve-thirty
ğŸ•,one_oâ€™clock
ğŸ•œ,one-thirty
ğŸ•‘,two_oâ€™clock
ğŸ•,two-thirty
ğŸ•’,three_oâ€™clock
ğŸ•,three-thirty
ğŸ•“,four_oâ€™clock
ğŸ•Ÿ,four-thirty
ğŸ•”,five_oâ€™clock
ğŸ• ,five-thirty
ğŸ••,six_oâ€™clock
ğŸ•¡,six-thirty
ğŸ•–,seven_oâ€™clock
ğŸ•¢,seven-thirty
ğŸ•—,eight_oâ€™clock
ğŸ•£,eight-thirty
ğŸ•˜,nine_oâ€™clock
ğŸ•¤,nine-thirty
ğŸ•™,ten_oâ€™clock
ğŸ•¥,ten-thirty
ğŸ•š,eleven_oâ€™clock
ğŸ•¦,eleven-thirty
ğŸŒ‘,new_moon
ğŸŒ’,waxing_crescent_moon
ğŸŒ“,first_quarter_moon
ğŸŒ”,waxing_gibbous_moon
ğŸŒ•,full_moon
ğŸŒ–,waning_gibbous_moon
ğŸŒ—,last_quarter_moon
ğŸŒ˜,waning_crescent_moon
ğŸŒ™,crescent_moon
ğŸŒš,new_moon_face
ğŸŒ›,first_quarter_moon_face
ğŸŒœ,last_quarter_moon_face
ğŸŒ¡,thermometer
â˜€,sun
ğŸŒ,full_moon_face
ğŸŒ,sun_with_face
ğŸª,ringed_planet
â­,star
ğŸŒŸ,glowing_star
ğŸŒ ,shooting_star
ğŸŒŒ,milky_way
â˜,cloud
â›…,sun_behind_cloud
â›ˆ,cloud_with_lightning_and_rain
ğŸŒ¤,sun_behind_small_cloud
ğŸŒ¥,sun_behind_large_cloud
ğŸŒ¦,sun_behind_rain_cloud
ğŸŒ§,cloud_with_rain
ğŸŒ¨,cloud_with_snow
ğŸŒ©,cloud_with_lightning
ğŸŒª,tornado
ğŸŒ«,fog
ğŸŒ¬,wind_face
ğŸŒ€,cyclone
ğŸŒˆ,rainbow
ğŸŒ‚,closed_umbrella
â˜‚,umbrella
â˜”,umbrella_with_rain_drops
â›±,umbrella_on_ground
âš¡,high_voltage
â„,snowflake
â˜ƒ,snowman
â›„,snowman_without_snow
â˜„,comet
ğŸ”¥,fire
ğŸ’§,droplet
ğŸŒŠ,water_wave
ğŸƒ,jack-o-lantern
ğŸ„,Christmas_tree
ğŸ†,fireworks
ğŸ‡,sparkler
ğŸ§¨,firecracker
âœ¨,sparkles
ğŸˆ,balloon
ğŸ‰,party_popper
ğŸŠ,confetti_ball
ğŸ‹,tanabata_tree
ğŸ,pine_decoration
ğŸ,Japanese_dolls
ğŸ,carp_streamer
ğŸ,wind_chime
ğŸ‘,moon_viewing_ceremony
ğŸ§§,red_envelope
ğŸ€,ribbon
ğŸ,wrapped_gift
ğŸ—,reminder_ribbon
ğŸŸ,admission_tickets
ğŸ«,ticket
ğŸ–,military_medal
ğŸ†,trophy
ğŸ…,sports_medal
ğŸ¥‡,1st_place_medal
ğŸ¥ˆ,2nd_place_medal
ğŸ¥‰,3rd_place_medal
âš½,soccer_ball
âš¾,baseball
ğŸ¥,softball
ğŸ€,basketball
ğŸ,volleyball
ğŸˆ,american_football
ğŸ‰,rugby_football
ğŸ¾,tennis
ğŸ¥,flying_disc
ğŸ³,bowling
ğŸ,cricket_game
ğŸ‘,field_hockey
ğŸ’,ice_hockey
ğŸ¥,lacrosse
ğŸ“,ping_pong
ğŸ¸,badminton
ğŸ¥Š,boxing_glove
ğŸ¥‹,martial_arts_uniform
ğŸ¥…,goal_net
â›³,flag_in_hole
â›¸,ice_skate
ğŸ£,fishing_pole
ğŸ¤¿,diving_mask
ğŸ½,running_shirt
ğŸ¿,skis
ğŸ›·,sled
ğŸ¥Œ,curling_stone
ğŸ¯,direct_hit
ğŸª€,yo-yo
ğŸª,kite
ğŸ±,pool_8_ball
ğŸ”®,crystal_ball
ğŸª„,âŠ›_magic_wand
ğŸ§¿,nazar_amulet
ğŸ®,video_game
ğŸ•¹,joystick
ğŸ°,slot_machine
ğŸ²,game_die
ğŸ§©,puzzle_piece
ğŸ§¸,teddy_bear
ğŸª…,âŠ›_piÃ±ata
ğŸª†,âŠ›_nesting_dolls
â™ ,spade_suit
â™¥,heart_suit
â™¦,diamond_suit
â™£,club_suit
â™Ÿ,chess_pawn
ğŸƒ,joker
ğŸ€„,mahjong_red_dragon
ğŸ´,flower_playing_cards
ğŸ­,performing_arts
ğŸ–¼,framed_picture
ğŸ¨,artist_palette
ğŸ§µ,thread
ğŸª¡,âŠ›_sewing_needle
ğŸ§¶,yarn
ğŸª¢,âŠ›_knot
ğŸ‘“,glasses
ğŸ•¶,sunglasses
ğŸ¥½,goggles
ğŸ¥¼,lab_coat
ğŸ¦º,safety_vest
ğŸ‘”,necktie
ğŸ‘•,t-shirt
ğŸ‘–,jeans
ğŸ§£,scarf
ğŸ§¤,gloves
ğŸ§¥,coat
ğŸ§¦,socks
ğŸ‘—,dress
ğŸ‘˜,kimono
ğŸ¥»,sari
ğŸ©±,one-piece_swimsuit
ğŸ©²,briefs
ğŸ©³,shorts
ğŸ‘™,bikini
ğŸ‘š,womanâ€™s_clothes
ğŸ‘›,purse
ğŸ‘œ,handbag
ğŸ‘,clutch_bag
ğŸ›,shopping_bags
ğŸ’,backpack
ğŸ©´,âŠ›_thong_sandal
ğŸ‘,manâ€™s_shoe
ğŸ‘Ÿ,running_shoe
ğŸ¥¾,hiking_boot
ğŸ¥¿,flat_shoe
ğŸ‘ ,high-heeled_shoe
ğŸ‘¡,womanâ€™s_sandal
ğŸ©°,ballet_shoes
ğŸ‘¢,womanâ€™s_boot
ğŸ‘‘,crown
ğŸ‘’,womanâ€™s_hat
ğŸ©,top_hat
ğŸ“,graduation_cap
ğŸ§¢,billed_cap
ğŸª–,âŠ›_military_helmet
â›‘,rescue_workerâ€™s_helmet
ğŸ“¿,prayer_beads
ğŸ’„,lipstick
ğŸ’,ring
ğŸ’,gem_stone
ğŸ”‡,muted_speaker
ğŸ”ˆ,speaker_low_volume
ğŸ”‰,speaker_medium_volume
ğŸ”Š,speaker_high_volume
ğŸ“¢,loudspeaker
ğŸ“£,megaphone
ğŸ“¯,postal_horn
ğŸ””,bell
ğŸ”•,bell_with_slash
ğŸ¼,musical_score
ğŸµ,musical_note
ğŸ¶,musical_notes
ğŸ™,studio_microphone
ğŸš,level_slider
ğŸ›,control_knobs
ğŸ¤,microphone
ğŸ§,headphone
ğŸ“»,radio
ğŸ·,saxophone
ğŸª—,âŠ›_accordion
ğŸ¸,guitar
ğŸ¹,musical_keyboard
ğŸº,trumpet
ğŸ»,violin
ğŸª•,banjo
ğŸ¥,drum
ğŸª˜,âŠ›_long_drum
ğŸ“±,mobile_phone
ğŸ“²,mobile_phone_with_arrow
â˜,telephone
ğŸ“,telephone_receiver
ğŸ“Ÿ,pager
ğŸ“ ,fax_machine
ğŸ”‹,battery
ğŸ”Œ,electric_plug
ğŸ’»,laptop
ğŸ–¥,desktop_computer
ğŸ–¨,printer
âŒ¨,keyboard
ğŸ–±,computer_mouse
ğŸ–²,trackball
ğŸ’½,computer_disk
ğŸ’¾,floppy_disk
ğŸ’¿,optical_disk
ğŸ“€,dvd
ğŸ§®,abacus
ğŸ¥,movie_camera
ğŸ,film_frames
ğŸ“½,film_projector
ğŸ¬,clapper_board
ğŸ“º,television
ğŸ“·,camera
ğŸ“¸,camera_with_flash
ğŸ“¹,video_camera
ğŸ“¼,videocassette
ğŸ”,magnifying_glass_tilted_left
ğŸ”,magnifying_glass_tilted_right
ğŸ•¯,candle
ğŸ’¡,light_bulb
ğŸ”¦,flashlight
ğŸ®,red_paper_lantern
ğŸª”,diya_lamp
ğŸ“”,notebook_with_decorative_cover
ğŸ“•,closed_book
ğŸ“–,open_book
ğŸ“—,green_book
ğŸ“˜,blue_book
ğŸ“™,orange_book
ğŸ“š,books
ğŸ““,notebook
ğŸ“’,ledger
ğŸ“ƒ,page_with_curl
ğŸ“œ,scroll
ğŸ“„,page_facing_up
ğŸ“°,newspaper
ğŸ—,rolled-up_newspaper
ğŸ“‘,bookmark_tabs
ğŸ”–,bookmark
ğŸ·,label
ğŸ’°,money_bag
ğŸª™,âŠ›_coin
ğŸ’´,yen_banknote
ğŸ’µ,dollar_banknote
ğŸ’¶,euro_banknote
ğŸ’·,pound_banknote
ğŸ’¸,money_with_wings
ğŸ’³,credit_card
ğŸ§¾,receipt
ğŸ’¹,chart_increasing_with_yen
âœ‰,envelope
ğŸ“§,e-mail
ğŸ“¨,incoming_envelope
ğŸ“©,envelope_with_arrow
ğŸ“¤,outbox_tray
ğŸ“¥,inbox_tray
ğŸ“¦,package
ğŸ“«,closed_mailbox_with_raised_flag
ğŸ“ª,closed_mailbox_with_lowered_flag
ğŸ“¬,open_mailbox_with_raised_flag
ğŸ“­,open_mailbox_with_lowered_flag
ğŸ“®,postbox
ğŸ—³,ballot_box_with_ballot
âœ,pencil
âœ’,black_nib
ğŸ–‹,fountain_pen
ğŸ–Š,pen
ğŸ–Œ,paintbrush
ğŸ–,crayon
ğŸ“,memo
ğŸ’¼,briefcase
ğŸ“,file_folder
ğŸ“‚,open_file_folder
ğŸ—‚,card_index_dividers
ğŸ“…,calendar
ğŸ“†,tear-off_calendar
ğŸ—’,spiral_notepad
ğŸ—“,spiral_calendar
ğŸ“‡,card_index
ğŸ“ˆ,chart_increasing
ğŸ“‰,chart_decreasing
ğŸ“Š,bar_chart
ğŸ“‹,clipboard
ğŸ“Œ,pushpin
ğŸ“,round_pushpin
ğŸ“,paperclip
ğŸ–‡,linked_paperclips
ğŸ“,straight_ruler
ğŸ“,triangular_ruler
âœ‚,scissors
ğŸ—ƒ,card_file_box
ğŸ—„,file_cabinet
ğŸ—‘,wastebasket
ğŸ”’,locked
ğŸ”“,unlocked
ğŸ”,locked_with_pen
ğŸ”,locked_with_key
ğŸ”‘,key
ğŸ—,old_key
ğŸ”¨,hammer
ğŸª“,axe
â›,pick
âš’,hammer_and_pick
ğŸ› ,hammer_and_wrench
ğŸ—¡,dagger
âš”,crossed_swords
ğŸ”«,pistol
ğŸªƒ,âŠ›_boomerang
ğŸ¹,bow_and_arrow
ğŸ›¡,shield
ğŸªš,âŠ›_carpentry_saw
ğŸ”§,wrench
ğŸª›,âŠ›_screwdriver
ğŸ”©,nut_and_bolt
âš™,gear
ğŸ—œ,clamp
âš–,balance_scale
ğŸ¦¯,white_cane
ğŸ”—,link
â›“,chains
ğŸª,âŠ›_hook
ğŸ§°,toolbox
ğŸ§²,magnet
ğŸªœ,âŠ›_ladder
âš—,alembic
ğŸ§ª,test_tube
ğŸ§«,petri_dish
ğŸ§¬,dna
ğŸ”¬,microscope
ğŸ”­,telescope
ğŸ“¡,satellite_antenna
ğŸ’‰,syringe
ğŸ©¸,drop_of_blood
ğŸ’Š,pill
ğŸ©¹,adhesive_bandage
ğŸ©º,stethoscope
ğŸšª,door
ğŸ›—,âŠ›_elevator
ğŸª,âŠ›_mirror
ğŸªŸ,âŠ›_window
ğŸ›,bed
ğŸ›‹,couch_and_lamp
ğŸª‘,chair
ğŸš½,toilet
ğŸª ,âŠ›_plunger
ğŸš¿,shower
ğŸ›,bathtub
ğŸª¤,âŠ›_mouse_trap
ğŸª’,razor
ğŸ§´,lotion_bottle
ğŸ§·,safety_pin
ğŸ§¹,broom
ğŸ§º,basket
ğŸ§»,roll_of_paper
ğŸª£,âŠ›_bucket
ğŸ§¼,soap
ğŸª¥,âŠ›_toothbrush
ğŸ§½,sponge
ğŸ§¯,fire_extinguisher
ğŸ›’,shopping_cart
ğŸš¬,cigarette
âš°,coffin
ğŸª¦,âŠ›_headstone
âš±,funeral_urn
ğŸ—¿,moai
ğŸª§,âŠ›_placard
ğŸ§,ATM_sign
ğŸš®,litter_in_bin_sign
ğŸš°,potable_water
â™¿,wheelchair_symbol
ğŸš¹,menâ€™s_room
ğŸšº,womenâ€™s_room
ğŸš»,restroom
ğŸš¼,baby_symbol
ğŸš¾,water_closet
ğŸ›‚,passport_control
ğŸ›ƒ,customs
ğŸ›„,baggage_claim
ğŸ›…,left_luggage
âš ,warning
ğŸš¸,children_crossing
â›”,no_entry
ğŸš«,prohibited
ğŸš³,no_bicycles
ğŸš­,no_smoking
ğŸš¯,no_littering
ğŸš±,non-potable_water
ğŸš·,no_pedestrians
ğŸ“µ,no_mobile_phones
ğŸ”,no_one_under_eighteen
â˜¢,radioactive
â˜£,biohazard
â¬†,up_arrow
â†—,up-right_arrow
â¡,right_arrow
â†˜,down-right_arrow
â¬‡,down_arrow
â†™,down-left_arrow
â¬…,left_arrow
â†–,up-left_arrow
â†•,up-down_arrow
â†”,left-right_arrow
â†©,right_arrow_curving_left
â†ª,left_arrow_curving_right
â¤´,right_arrow_curving_up
â¤µ,right_arrow_curving_down
ğŸ”ƒ,clockwise_vertical_arrows
ğŸ”„,counterclockwise_arrows_button
ğŸ”™,BACK_arrow
ğŸ”š,END_arrow
ğŸ”›,ON!_arrow
ğŸ”œ,SOON_arrow
ğŸ”,TOP_arrow
ğŸ›,place_of_worship
âš›,atom_symbol
ğŸ•‰,om
âœ¡,star_of_David
â˜¸,wheel_of_dharma
â˜¯,yin_yang
âœ,latin_cross
â˜¦,orthodox_cross
â˜ª,star_and_crescent
â˜®,peace_symbol
ğŸ•,menorah
ğŸ”¯,dotted_six-pointed_star
â™ˆ,Aries
â™‰,Taurus
â™Š,Gemini
â™‹,Cancer
â™Œ,Leo
â™,Virgo
â™,Libra
â™,Scorpio
â™,Sagittarius
â™‘,Capricorn
â™’,Aquarius
â™“,Pisces
â›,Ophiuchus
ğŸ”€,shuffle_tracks_button
ğŸ”,repeat_button
ğŸ”‚,repeat_single_button
â–¶,play_button
â©,fast-forward_button
â­,next_track_button
â¯,play_or_pause_button
â—€,reverse_button
âª,fast_reverse_button
â®,last_track_button
ğŸ”¼,upwards_button
â«,fast_up_button
ğŸ”½,downwards_button
â¬,fast_down_button
â¸,pause_button
â¹,stop_button
âº,record_button
â,eject_button
ğŸ¦,cinema
ğŸ”…,dim_button
ğŸ”†,bright_button
ğŸ“¶,antenna_bars
ğŸ“³,vibration_mode
ğŸ“´,mobile_phone_off
â™€,female_sign
â™‚,male_sign
âš§,âŠ›_transgender_symbol
âœ–,multiply
â•,plus
â–,minus
â—,divide
â™¾,infinity
â€¼,double_exclamation_mark
â‰,exclamation_question_mark
â“,question_mark
â”,white_question_mark
â•,white_exclamation_mark
â—,exclamation_mark
ã€°,wavy_dash
ğŸ’±,currency_exchange
ğŸ’²,heavy_dollar_sign
âš•,medical_symbol
â™»,recycling_symbol
âšœ,fleur-de-lis
ğŸ”±,trident_emblem
ğŸ“›,name_badge
ğŸ”°,Japanese_symbol_for_beginner
â­•,hollow_red_circle
âœ…,check_mark_button
â˜‘,check_box_with_check
âœ”,check_mark
âŒ,cross_mark
â,cross_mark_button
â°,curly_loop
â¿,double_curly_loop
ã€½,part_alternation_mark
âœ³,eight-spoked_asterisk
âœ´,eight-pointed_star
â‡,sparkle
Â©,copyright
Â®,registered
â„¢,trade_mark
#ï¸âƒ£,keycap:_#
*ï¸âƒ£,keycap:_*
0ï¸âƒ£,keycap:_0
1ï¸âƒ£,keycap:_1
2ï¸âƒ£,keycap:_2
3ï¸âƒ£,keycap:_3
4ï¸âƒ£,keycap:_4
5ï¸âƒ£,keycap:_5
6ï¸âƒ£,keycap:_6
7ï¸âƒ£,keycap:_7
8ï¸âƒ£,keycap:_8
9ï¸âƒ£,keycap:_9
ğŸ”Ÿ,keycap:_10
ğŸ” ,input_latin_uppercase
ğŸ”¡,input_latin_lowercase
ğŸ”¢,input_numbers
ğŸ”£,input_symbols
ğŸ”¤,input_latin_letters
ğŸ…°,A_button_(blood_type)
ğŸ†,AB_button_(blood_type)
ğŸ…±,B_button_(blood_type)
ğŸ†‘,CL_button
ğŸ†’,COOL_button
ğŸ†“,FREE_button
â„¹,information
ğŸ†”,ID_button
â“‚,circled_M
ğŸ†•,NEW_button
ğŸ†–,NG_button
ğŸ…¾,O_button_(blood_type)
ğŸ†—,OK_button
ğŸ…¿,P_button
ğŸ†˜,SOS_button
ğŸ†™,UP!_button
ğŸ†š,VS_button
ğŸˆ,Japanese_â€œhereâ€_button
ğŸˆ‚,Japanese_â€œservice_chargeâ€_button
ğŸˆ·,Japanese_â€œmonthly_amountâ€_button
ğŸˆ¶,Japanese_â€œnot_free_of_chargeâ€_button
ğŸˆ¯,Japanese_â€œreservedâ€_button
ğŸ‰,Japanese_â€œbargainâ€_button
ğŸˆ¹,Japanese_â€œdiscountâ€_button
ğŸˆš,Japanese_â€œfree_of_chargeâ€_button
ğŸˆ²,Japanese_â€œprohibitedâ€_button
ğŸ‰‘,Japanese_â€œacceptableâ€_button
ğŸˆ¸,Japanese_â€œapplicationâ€_button
ğŸˆ´,Japanese_â€œpassing_gradeâ€_button
ğŸˆ³,Japanese_â€œvacancyâ€_button
ãŠ—,Japanese_â€œcongratulationsâ€_button
ãŠ™,Japanese_â€œsecretâ€_button
ğŸˆº,Japanese_â€œopen_for_businessâ€_button
ğŸˆµ,Japanese_â€œno_vacancyâ€_button
ğŸ”´,red_circle
ğŸŸ ,orange_circle
ğŸŸ¡,yellow_circle
ğŸŸ¢,green_circle
ğŸ”µ,blue_circle
ğŸŸ£,purple_circle
ğŸŸ¤,brown_circle
âš«,black_circle
âšª,white_circle
ğŸŸ¥,red_square
ğŸŸ§,orange_square
ğŸŸ¨,yellow_square
ğŸŸ©,green_square
ğŸŸ¦,blue_square
ğŸŸª,purple_square
ğŸŸ«,brown_square
â¬›,black_large_square
â¬œ,white_large_square
â—¼,black_medium_square
â—»,white_medium_square
â—¾,black_medium-small_square
â—½,white_medium-small_square
â–ª,black_small_square
â–«,white_small_square
ğŸ”¶,large_orange_diamond
ğŸ”·,large_blue_diamond
ğŸ”¸,small_orange_diamond
ğŸ”¹,small_blue_diamond
ğŸ”º,red_triangle_pointed_up
ğŸ”»,red_triangle_pointed_down
ğŸ’ ,diamond_with_a_dot
ğŸ”˜,radio_button
ğŸ”³,white_square_button
ğŸ”²,black_square_button
ğŸ,chequered_flag
ğŸš©,triangular_flag
ğŸŒ,crossed_flags
ğŸ´,black_flag
ğŸ³,white_flag
ğŸ³ï¸â€ğŸŒˆ,rainbow_flag
ğŸ³ï¸â€âš§ï¸,âŠ›_transgender_flag
ğŸ´â€â˜ ï¸,pirate_flag
ğŸ‡¦ğŸ‡¨,flag:_Ascension_Island
ğŸ‡¦ğŸ‡©,flag:_Andorra
ğŸ‡¦ğŸ‡ª,flag:_United_Arab_Emirates
ğŸ‡¦ğŸ‡«,flag:_Afghanistan
ğŸ‡¦ğŸ‡¬,flag:_Antigua_&_Barbuda
ğŸ‡¦ğŸ‡®,flag:_Anguilla
ğŸ‡¦ğŸ‡±,flag:_Albania
ğŸ‡¦ğŸ‡²,flag:_Armenia
ğŸ‡¦ğŸ‡´,flag:_Angola
ğŸ‡¦ğŸ‡¶,flag:_Antarctica
ğŸ‡¦ğŸ‡·,flag:_Argentina
ğŸ‡¦ğŸ‡¸,flag:_American_Samoa
ğŸ‡¦ğŸ‡¹,flag:_Austria
ğŸ‡¦ğŸ‡º,flag:_Australia
ğŸ‡¦ğŸ‡¼,flag:_Aruba
ğŸ‡¦ğŸ‡½,flag:_Ã…land_Islands
ğŸ‡¦ğŸ‡¿,flag:_Azerbaijan
ğŸ‡§ğŸ‡¦,flag:_Bosnia_&_Herzegovina
ğŸ‡§ğŸ‡§,flag:_Barbados
ğŸ‡§ğŸ‡©,flag:_Bangladesh
ğŸ‡§ğŸ‡ª,flag:_Belgium
ğŸ‡§ğŸ‡«,flag:_Burkina_Faso
ğŸ‡§ğŸ‡¬,flag:_Bulgaria
ğŸ‡§ğŸ‡­,flag:_Bahrain
ğŸ‡§ğŸ‡®,flag:_Burundi
ğŸ‡§ğŸ‡¯,flag:_Benin
ğŸ‡§ğŸ‡±,flag:_St._BarthÃ©lemy
ğŸ‡§ğŸ‡²,flag:_Bermuda
ğŸ‡§ğŸ‡³,flag:_Brunei
ğŸ‡§ğŸ‡´,flag:_Bolivia
ğŸ‡§ğŸ‡¶,flag:_Caribbean_Netherlands
ğŸ‡§ğŸ‡·,flag:_Brazil
ğŸ‡§ğŸ‡¸,flag:_Bahamas
ğŸ‡§ğŸ‡¹,flag:_Bhutan
ğŸ‡§ğŸ‡»,flag:_Bouvet_Island
ğŸ‡§ğŸ‡¼,flag:_Botswana
ğŸ‡§ğŸ‡¾,flag:_Belarus
ğŸ‡§ğŸ‡¿,flag:_Belize
ğŸ‡¨ğŸ‡¦,flag:_Canada
ğŸ‡¨ğŸ‡¨,flag:_Cocos_(Keeling)_Islands
ğŸ‡¨ğŸ‡©,flag:_Congo_-_Kinshasa
ğŸ‡¨ğŸ‡«,flag:_Central_African_Republic
ğŸ‡¨ğŸ‡¬,flag:_Congo_-_Brazzaville
ğŸ‡¨ğŸ‡­,flag:_Switzerland
ğŸ‡¨ğŸ‡®,flag:_CÃ´te_dâ€™Ivoire
ğŸ‡¨ğŸ‡°,flag:_Cook_Islands
ğŸ‡¨ğŸ‡±,flag:_Chile
ğŸ‡¨ğŸ‡²,flag:_Cameroon
ğŸ‡¨ğŸ‡³,flag:_China
ğŸ‡¨ğŸ‡´,flag:_Colombia
ğŸ‡¨ğŸ‡µ,flag:_Clipperton_Island
ğŸ‡¨ğŸ‡·,flag:_Costa_Rica
ğŸ‡¨ğŸ‡º,flag:_Cuba
ğŸ‡¨ğŸ‡»,flag:_Cape_Verde
ğŸ‡¨ğŸ‡¼,flag:_CuraÃ§ao
ğŸ‡¨ğŸ‡½,flag:_Christmas_Island
ğŸ‡¨ğŸ‡¾,flag:_Cyprus
ğŸ‡¨ğŸ‡¿,flag:_Czechia
ğŸ‡©ğŸ‡ª,flag:_Germany
ğŸ‡©ğŸ‡¬,flag:_Diego_Garcia
ğŸ‡©ğŸ‡¯,flag:_Djibouti
ğŸ‡©ğŸ‡°,flag:_Denmark
ğŸ‡©ğŸ‡²,flag:_Dominica
ğŸ‡©ğŸ‡´,flag:_Dominican_Republic
ğŸ‡©ğŸ‡¿,flag:_Algeria
ğŸ‡ªğŸ‡¦,flag:_Ceuta_&_Melilla
ğŸ‡ªğŸ‡¨,flag:_Ecuador
ğŸ‡ªğŸ‡ª,flag:_Estonia
ğŸ‡ªğŸ‡¬,flag:_Egypt
ğŸ‡ªğŸ‡­,flag:_Western_Sahara
ğŸ‡ªğŸ‡·,flag:_Eritrea
ğŸ‡ªğŸ‡¸,flag:_Spain
ğŸ‡ªğŸ‡¹,flag:_Ethiopia
ğŸ‡ªğŸ‡º,flag:_European_Union
ğŸ‡«ğŸ‡®,flag:_Finland
ğŸ‡«ğŸ‡¯,flag:_Fiji
ğŸ‡«ğŸ‡°,flag:_Falkland_Islands
ğŸ‡«ğŸ‡²,flag:_Micronesia
ğŸ‡«ğŸ‡´,flag:_Faroe_Islands
ğŸ‡«ğŸ‡·,flag:_France
ğŸ‡¬ğŸ‡¦,flag:_Gabon
ğŸ‡¬ğŸ‡§,flag:_United_Kingdom
ğŸ‡¬ğŸ‡©,flag:_Grenada
ğŸ‡¬ğŸ‡ª,flag:_Georgia
ğŸ‡¬ğŸ‡«,flag:_French_Guiana
ğŸ‡¬ğŸ‡¬,flag:_Guernsey
ğŸ‡¬ğŸ‡­,flag:_Ghana
ğŸ‡¬ğŸ‡®,flag:_Gibraltar
ğŸ‡¬ğŸ‡±,flag:_Greenland
ğŸ‡¬ğŸ‡²,flag:_Gambia
ğŸ‡¬ğŸ‡³,flag:_Guinea
ğŸ‡¬ğŸ‡µ,flag:_Guadeloupe
ğŸ‡¬ğŸ‡¶,flag:_Equatorial_Guinea
ğŸ‡¬ğŸ‡·,flag:_Greece
ğŸ‡¬ğŸ‡¸,flag:_South_Georgia_&_South_Sandwich_Islands
ğŸ‡¬ğŸ‡¹,flag:_Guatemala
ğŸ‡¬ğŸ‡º,flag:_Guam
ğŸ‡¬ğŸ‡¼,flag:_Guinea-Bissau
ğŸ‡¬ğŸ‡¾,flag:_Guyana
ğŸ‡­ğŸ‡°,flag:_Hong_Kong_SAR_China
ğŸ‡­ğŸ‡²,flag:_Heard_&_McDonald_Islands
ğŸ‡­ğŸ‡³,flag:_Honduras
ğŸ‡­ğŸ‡·,flag:_Croatia
ğŸ‡­ğŸ‡¹,flag:_Haiti
ğŸ‡­ğŸ‡º,flag:_Hungary
ğŸ‡®ğŸ‡¨,flag:_Canary_Islands
ğŸ‡®ğŸ‡©,flag:_Indonesia
ğŸ‡®ğŸ‡ª,flag:_Ireland
ğŸ‡®ğŸ‡±,flag:_Israel
ğŸ‡®ğŸ‡²,flag:_Isle_of_Man
ğŸ‡®ğŸ‡³,flag:_India
ğŸ‡®ğŸ‡´,flag:_British_Indian_Ocean_Territory
ğŸ‡®ğŸ‡¶,flag:_Iraq
ğŸ‡®ğŸ‡·,flag:_Iran
ğŸ‡®ğŸ‡¸,flag:_Iceland
ğŸ‡®ğŸ‡¹,flag:_Italy
ğŸ‡¯ğŸ‡ª,flag:_Jersey
ğŸ‡¯ğŸ‡²,flag:_Jamaica
ğŸ‡¯ğŸ‡´,flag:_Jordan
ğŸ‡¯ğŸ‡µ,flag:_Japan
ğŸ‡°ğŸ‡ª,flag:_Kenya
ğŸ‡°ğŸ‡¬,flag:_Kyrgyzstan
ğŸ‡°ğŸ‡­,flag:_Cambodia
ğŸ‡°ğŸ‡®,flag:_Kiribati
ğŸ‡°ğŸ‡²,flag:_Comoros
ğŸ‡°ğŸ‡³,flag:_St._Kitts_&_Nevis
ğŸ‡°ğŸ‡µ,flag:_North_Korea
ğŸ‡°ğŸ‡·,flag:_South_Korea
ğŸ‡°ğŸ‡¼,flag:_Kuwait
ğŸ‡°ğŸ‡¾,flag:_Cayman_Islands
ğŸ‡°ğŸ‡¿,flag:_Kazakhstan
ğŸ‡±ğŸ‡¦,flag:_Laos
ğŸ‡±ğŸ‡§,flag:_Lebanon
ğŸ‡±ğŸ‡¨,flag:_St._Lucia
ğŸ‡±ğŸ‡®,flag:_Liechtenstein
ğŸ‡±ğŸ‡°,flag:_Sri_Lanka
ğŸ‡±ğŸ‡·,flag:_Liberia
ğŸ‡±ğŸ‡¸,flag:_Lesotho
ğŸ‡±ğŸ‡¹,flag:_Lithuania
ğŸ‡±ğŸ‡º,flag:_Luxembourg
ğŸ‡±ğŸ‡»,flag:_Latvia
ğŸ‡±ğŸ‡¾,flag:_Libya
ğŸ‡²ğŸ‡¦,flag:_Morocco
ğŸ‡²ğŸ‡¨,flag:_Monaco
ğŸ‡²ğŸ‡©,flag:_Moldova
ğŸ‡²ğŸ‡ª,flag:_Montenegro
ğŸ‡²ğŸ‡«,flag:_St._Martin
ğŸ‡²ğŸ‡¬,flag:_Madagascar
ğŸ‡²ğŸ‡­,flag:_Marshall_Islands
ğŸ‡²ğŸ‡°,flag:_North_Macedonia
ğŸ‡²ğŸ‡±,flag:_Mali
ğŸ‡²ğŸ‡²,flag:_Myanmar_(Burma)
ğŸ‡²ğŸ‡³,flag:_Mongolia
ğŸ‡²ğŸ‡´,flag:_Macao_SAR_China
ğŸ‡²ğŸ‡µ,flag:_Northern_Mariana_Islands
ğŸ‡²ğŸ‡¶,flag:_Martinique
ğŸ‡²ğŸ‡·,flag:_Mauritania
ğŸ‡²ğŸ‡¸,flag:_Montserrat
ğŸ‡²ğŸ‡¹,flag:_Malta
ğŸ‡²ğŸ‡º,flag:_Mauritius
ğŸ‡²ğŸ‡»,flag:_Maldives
ğŸ‡²ğŸ‡¼,flag:_Malawi
ğŸ‡²ğŸ‡½,flag:_Mexico
ğŸ‡²ğŸ‡¾,flag:_Malaysia
ğŸ‡²ğŸ‡¿,flag:_Mozambique
ğŸ‡³ğŸ‡¦,flag:_Namibia
ğŸ‡³ğŸ‡¨,flag:_New_Caledonia
ğŸ‡³ğŸ‡ª,flag:_Niger
ğŸ‡³ğŸ‡«,flag:_Norfolk_Island
ğŸ‡³ğŸ‡¬,flag:_Nigeria
ğŸ‡³ğŸ‡®,flag:_Nicaragua
ğŸ‡³ğŸ‡±,flag:_Netherlands
ğŸ‡³ğŸ‡´,flag:_Norway
ğŸ‡³ğŸ‡µ,flag:_Nepal
ğŸ‡³ğŸ‡·,flag:_Nauru
ğŸ‡³ğŸ‡º,flag:_Niue
ğŸ‡³ğŸ‡¿,flag:_New_Zealand
ğŸ‡´ğŸ‡²,flag:_Oman
ğŸ‡µğŸ‡¦,flag:_Panama
ğŸ‡µğŸ‡ª,flag:_Peru
ğŸ‡µğŸ‡«,flag:_French_Polynesia
ğŸ‡µğŸ‡¬,flag:_Papua_New_Guinea
ğŸ‡µğŸ‡­,flag:_Philippines
ğŸ‡µğŸ‡°,flag:_Pakistan
ğŸ‡µğŸ‡±,flag:_Poland
ğŸ‡µğŸ‡²,flag:_St._Pierre_&_Miquelon
ğŸ‡µğŸ‡³,flag:_Pitcairn_Islands
ğŸ‡µğŸ‡·,flag:_Puerto_Rico
ğŸ‡µğŸ‡¸,flag:_Palestinian_Territories
ğŸ‡µğŸ‡¹,flag:_Portugal
ğŸ‡µğŸ‡¼,flag:_Palau
ğŸ‡µğŸ‡¾,flag:_Paraguay
ğŸ‡¶ğŸ‡¦,flag:_Qatar
ğŸ‡·ğŸ‡ª,flag:_RÃ©union
ğŸ‡·ğŸ‡´,flag:_Romania
ğŸ‡·ğŸ‡¸,flag:_Serbia
ğŸ‡·ğŸ‡º,flag:_Russia
ğŸ‡·ğŸ‡¼,flag:_Rwanda
ğŸ‡¸ğŸ‡¦,flag:_Saudi_Arabia
ğŸ‡¸ğŸ‡§,flag:_Solomon_Islands
ğŸ‡¸ğŸ‡¨,flag:_Seychelles
ğŸ‡¸ğŸ‡©,flag:_Sudan
ğŸ‡¸ğŸ‡ª,flag:_Sweden
ğŸ‡¸ğŸ‡¬,flag:_Singapore
ğŸ‡¸ğŸ‡­,flag:_St._Helena
ğŸ‡¸ğŸ‡®,flag:_Slovenia
ğŸ‡¸ğŸ‡¯,flag:_Svalbard_&_Jan_Mayen
ğŸ‡¸ğŸ‡°,flag:_Slovakia
ğŸ‡¸ğŸ‡±,flag:_Sierra_Leone
ğŸ‡¸ğŸ‡²,flag:_San_Marino
ğŸ‡¸ğŸ‡³,flag:_Senegal
ğŸ‡¸ğŸ‡´,flag:_Somalia
ğŸ‡¸ğŸ‡·,flag:_Suriname
ğŸ‡¸ğŸ‡¸,flag:_South_Sudan
ğŸ‡¸ğŸ‡¹,flag:_SÃ£o_TomÃ©_&_PrÃ­ncipe
ğŸ‡¸ğŸ‡»,flag:_El_Salvador
ğŸ‡¸ğŸ‡½,flag:_Sint_Maarten
ğŸ‡¸ğŸ‡¾,flag:_Syria
ğŸ‡¸ğŸ‡¿,flag:_Eswatini
ğŸ‡¹ğŸ‡¦,flag:_Tristan_da_Cunha
ğŸ‡¹ğŸ‡¨,flag:_Turks_&_Caicos_Islands
ğŸ‡¹ğŸ‡©,flag:_Chad
ğŸ‡¹ğŸ‡«,flag:_French_Southern_Territories
ğŸ‡¹ğŸ‡¬,flag:_Togo
ğŸ‡¹ğŸ‡­,flag:_Thailand
ğŸ‡¹ğŸ‡¯,flag:_Tajikistan
ğŸ‡¹ğŸ‡°,flag:_Tokelau
ğŸ‡¹ğŸ‡±,flag:_Timor-Leste
ğŸ‡¹ğŸ‡²,flag:_Turkmenistan
ğŸ‡¹ğŸ‡³,flag:_Tunisia
ğŸ‡¹ğŸ‡´,flag:_Tonga
ğŸ‡¹ğŸ‡·,flag:_Turkey
ğŸ‡¹ğŸ‡¹,flag:_Trinidad_&_Tobago
ğŸ‡¹ğŸ‡»,flag:_Tuvalu
ğŸ‡¹ğŸ‡¼,flag:_Taiwan
ğŸ‡¹ğŸ‡¿,flag:_Tanzania
ğŸ‡ºğŸ‡¦,flag:_Ukraine
ğŸ‡ºğŸ‡¬,flag:_Uganda
ğŸ‡ºğŸ‡²,flag:_U.S._Outlying_Islands
ğŸ‡ºğŸ‡³,flag:_United_Nations
ğŸ‡ºğŸ‡¸,flag:_United_States
ğŸ‡ºğŸ‡¾,flag:_Uruguay
ğŸ‡ºğŸ‡¿,flag:_Uzbekistan
ğŸ‡»ğŸ‡¦,flag:_Vatican_City
ğŸ‡»ğŸ‡¨,flag:_St._Vincent_&_Grenadines
ğŸ‡»ğŸ‡ª,flag:_Venezuela
ğŸ‡»ğŸ‡¬,flag:_British_Virgin_Islands
ğŸ‡»ğŸ‡®,flag:_U.S._Virgin_Islands
ğŸ‡»ğŸ‡³,flag:_Vietnam
ğŸ‡»ğŸ‡º,flag:_Vanuatu
ğŸ‡¼ğŸ‡«,flag:_Wallis_&_Futuna
ğŸ‡¼ğŸ‡¸,flag:_Samoa
ğŸ‡½ğŸ‡°,flag:_Kosovo
ğŸ‡¾ğŸ‡ª,flag:_Yemen
ğŸ‡¾ğŸ‡¹,flag:_Mayotte
ğŸ‡¿ğŸ‡¦,flag:_South_Africa
ğŸ‡¿ğŸ‡²,flag:_Zambia
ğŸ‡¿ğŸ‡¼,flag:_Zimbabwe
ğŸ´ó §ó ¢ó ¥ó ®ó §ó ¿,flag:_England
ğŸ´ó §ó ¢ó ³ó £ó ´ó ¿,flag:_Scotland
ğŸ´ó §ó ¢ó ·ó ¬ó ³ó ¿,flag:_Wales
